OrderID,CustomerName,Age,City,ProductCategory,Price,Quantity,PaymentMode,OrderDate,Rating,Revenue,Month
100348,Riya Patel,59,Mumbai,Clothing,12603.65,3,COD,06-10-2025,3.2,37810.95,10
100116,Ira Rao,56,Delhi,Electronics,3538.83,4,COD,06-02-2025,3.4,14155.32,2
100073,Saanvi Chopra,19,Chennai,Furniture,808.81,3,COD,20-08-2025,3.7,2426.43,8
100127,Ira Bhatt,39,Chennai,Grocery,2181.71,3,UPI,16-01-2025,2.1,6545.13,1
100015,Ananya Gupta,41,Ahmedabad,Furniture,9962.81,3,UNKNOWN,19-01-2025,3.8,29888.43,1
100153,Anika Verma,57,Pune,Unknown,9517.07,3,DEBIT CARD,06-01-2025,4,28551.21,1
100124,Krishna Mehta,38,Bengaluru,Electronics,4348.04,4,UPI,06-10-2025,1.4,17392.16,10
100230,Vihaan Joshi,26,Chennai,Clothing,23204.64,2,CREDIT CARD,17-11-2025,2.6,46409.28,11
100016,Sai Reddy,52,Kolkata,Clothing,19316.07,5,CREDIT CARD,10-07-2025,3.6,96580.35,7
100287,Ishaan Joshi,31,Hyderabad,Electronics,24289.17,5,DEBIT CARD,05-06-2025,3,121445.85,6
100107,Ananya Shah,42,Delhi,Clothing,24252.37,3,UPI,17-01-2025,2.9,72757.11,1
100343,Myra Kumar,37,Chennai,Clothing,15646.1,2,COD,08-07-2025,4.5,31292.2,7
100125,Myra Rao,18,Mumbai,Electronics,13430.42,3,COD,26-02-2025,1.5,40291.26,2
100157,Anika Pillai,56,Chennai,Electronics,14392.8,5,UPI,09-06-2025,2.2,71964,6
100259,Diya Shah,63,Mumbai,Furniture,5211.98,5,UPI,21-08-2025,4.1,26059.9,8
100197,Ira Mehta,59,Delhi,Stationery,3629.46,3,COD,25-06-2025,3.9,10888.38,6
100262,Aarav Kapoor,61,Mumbai,Furniture,6301.37,1,DEBIT CARD,06-09-2025,3.2,6301.37,9
100201,Aditya Bhatt,38,Mumbai,Grocery,20951.41,3,NET BANKING,04-01-2025,3.2,62854.23,1
100066,Aadhya Kumar,56,Delhi,Electronics,16479.22,5,COD,22-07-2025,1.2,82396.1,7
100061,Krishna Iyer,61,Kolkata,Unknown,15628.83,4,UPI,04-06-2025,2.6,62515.32,6
100126,Anika Joshi,43,Hyderabad,Clothing,13577,1,UNKNOWN,26-09-2025,2.9,13577,9
100334,Aarav Kapoor,25,Hyderabad,Unknown,9268.86,1,COD,07-04-2025,2.8,9268.86,4
100211,Kavya Kumar,40,Chennai,Clothing,13577,2,CREDIT CARD,15-10-2025,3.4,27154,10
100179,Riya Kumar,47,Unknown,Electronics,14057.06,4,COD,08-01-2025,3.2,56228.24,1
100298,Diya Sharma,60,Bengaluru,Furniture,13577,3,COD,18-09-2025,3.3,40731,9
100186,Myra Kumar,35,Kolkata,Electronics,473.1,1,DEBIT CARD,23-05-2025,1.1,473.1,5
100248,Saanvi Gupta,34,Delhi,Grocery,19308.96,1,UPI,06-10-2025,2.4,19308.96,10
100353,Ishaan Nair,31,Mumbai,Clothing,3609.07,5,UPI,20-03-2025,4.8,18045.35,3
100359,Vivaan Kapoor,48,Ahmedabad,Clothing,17421.63,1,CREDIT CARD,23-03-2025,1.7,17421.63,3
100014,Krishna Menon,40,Bengaluru,Furniture,3651.97,3,UPI,09-01-2025,3.2,10955.91,1
100189,Vivaan Sharma,29,Chennai,Clothing,20791.76,3,UNKNOWN,06-09-2025,2.7,62375.28,9
100081,Diya Shah,53,Bengaluru,Clothing,9394.65,5,UPI,01-12-2025,3.7,46973.25,12
100380,Riya Verma,25,Bengaluru,Furniture,19265.2,1,CREDIT CARD,02-09-2025,3.7,19265.2,9
100328,Kavya Menon,51,Delhi,Electronics,11901.37,5,COD,17-06-2025,1.1,59506.85,6
100067,Ananya Reddy,43,Bengaluru,Electronics,8995.92,5,COD,22-09-2025,2.4,44979.6,9
100269,Vivaan Patel,30,Mumbai,Clothing,2200.34,5,DEBIT CARD,20-10-2025,2.6,11001.7,10
100137,Anika Das,50,Chennai,Clothing,13577,5,COD,06-06-2025,2,67885,6
100389,Arjun Patel,42,Hyderabad,Grocery,23444.09,5,UPI,13-02-2025,1.4,117220.45,2
100142,Arjun Bhatt,43,Delhi,Clothing,8193.43,3,CREDIT CARD,20-01-2025,3.9,24580.29,1
100195,Aarav Nair,28,Chennai,Clothing,20591.21,5,COD,04-10-2025,3,102956.05,10
100102,Arjun Shah,58,Chennai,Electronics,6609.75,3,COD,22-01-2025,2.1,19829.25,1
100128,Aditya Kapoor,18,Bengaluru,Electronics,2250.25,3,COD,20-08-2025,3.2,6750.75,8
100205,Saanvi Das,43,Mumbai,Grocery,11934.8,1,UNKNOWN,08-09-2025,3.9,11934.8,9
100241,Myra Shah,44,Hyderabad,Clothing,18855.01,5,CREDIT CARD,10-11-2025,3.2,94275.05,11
100381,Diya Bhatt,20,Pune,Electronics,3166.45,4,COD,14-09-2025,3.6,12665.8,9
100377,Myra Pillai,38,Kolkata,Furniture,9781.74,4,UPI,04-11-2025,4.1,39126.96,11
100088,Vivaan Patel,60,Chennai,Grocery,17689.91,4,COD,10-09-2025,4.3,70759.64,9
100101,Ira Pillai,45,Mumbai,Stationery,13577,2,NET BANKING,18-12-2025,1.3,27154,12
100196,Saanvi Rao,51,Mumbai,Electronics,13921.32,1,CREDIT CARD,06-10-2025,3.9,13921.32,10
100281,Krishna Verma,38,Unknown,Electronics,13577,5,NET BANKING,24-04-2025,3.5,67885,4
100024,Diya Patel,45,Chennai,Stationery,20121.25,4,UPI,20-11-2025,3.2,80485,11
100130,Myra Iyer,24,Hyderabad,Unknown,13577,3,COD,15-12-2025,1.4,40731,12
100144,Aditya Kapoor,28,Mumbai,Grocery,23310.56,5,UPI,11-03-2025,3.2,116552.8,3
100136,Diya Das,51,Mumbai,Grocery,6222.18,3,UPI,13-06-2025,3.4,18666.54,6
100040,Anika Joshi,36,Unknown,Grocery,18190,3,NET BANKING,20-08-2025,2.6,54570,8
100399,Myra Pillai,48,Chennai,Grocery,7744.26,3,UPI,05-10-2025,2.5,23232.78,10
100027,Ishaan Iyer,59,Kolkata,Electronics,8539.74,3,DEBIT CARD,22-08-2025,3.8,25619.22,8
100031,  Ayaan Menon  ,43,Kolkata,Electronics,24643.41,4,NET BANKING,23-11-2025,2.5,98573.64,11
100000,Myra Chopra,22,Delhi,Grocery,8644.16,2,UPI,02-03-2025,3.2,17288.32,3
100105,Ira Verma,47,Chennai,Grocery,21671.69,5,CREDIT CARD,05-07-2025,2.6,108358.45,7
100056,Ananya Reddy,30,Chennai,Grocery,2177.62,1,NET BANKING,04-04-2025,3.6,2177.62,4
100103,Ayaan Kumar,37,Mumbai,Electronics,15129.13,5,UPI,13-03-2025,4.3,75645.65,3
100083,Ayaan Chopra,42,Delhi,Clothing,8103.23,3,COD,19-01-2025,1.2,24309.69,1
100244,Ayaan Patel,49,Bengaluru,Electronics,2239.84,3,NET BANKING,17-09-2025,3.5,6719.52,9
100227,Vivaan Reddy,21,Bengaluru,Clothing,5907.04,4,UNKNOWN,22-05-2025,4.3,23628.16,5
100037,Ira Kumar,42,Chennai,Stationery,5345.43,2,UPI,03-07-2025,3.6,10690.86,7
100376,Kavya Kumar,40,Chennai,Clothing,1941.3,3,NET BANKING,24-01-2025,4.8,5823.9,1
100209,Anika Kapoor,64,Chennai,Unknown,2304.62,3,DEBIT CARD,08-05-2025,4,6913.86,5
100387,Ananya Malhotra,56,Unknown,Stationery,21185.88,1,DEBIT CARD,15-02-2025,3.5,21185.88,2
100188,Myra Chopra,22,Delhi,Grocery,8644.16,2,UPI,02-03-2025,3.2,17288.32,3
100000,Saanvi Patel,19,Delhi,Unknown,2333.52,5,UPI,01-09-2025,1.5,11667.6,9
100166,Sai Reddy,54,Delhi,Stationery,17724.88,3,UPI,17-12-2025,2.5,53174.64,12
100282,Vihaan Menon,45,Ahmedabad,Electronics,9370.31,4,CREDIT CARD,24-02-2025,4.5,37481.24,2
100161,  Myra Nair  ,64,Unknown,Stationery,10312.54,5,COD,11-02-2025,3.6,51562.7,2
100228,Arjun Patel,63,Hyderabad,Clothing,5882.14,2,UPI,25-10-2025,1.1,11764.28,10
100286,Reyansh Singh,52,Hyderabad,Electronics,19433.61,4,COD,16-07-2025,3.5,77734.44,7
100378,Arjun Shah,24,Chennai,Stationery,19628.49,3,COD,10-11-2025,1.4,58885.47,11
100397,Ayaan Kumar,39,Chennai,Clothing,21223.99,2,COD,22-12-2025,4,42447.98,12
100338,Riya Verma,40,Unknown,Clothing,11710.36,4,CREDIT CARD,26-04-2025,4.8,46841.44,4
100055,Riya Das,46,Kolkata,Electronics,7518.28,2,NET BANKING,03-02-2025,4.5,15036.56,2
100309,Kavya Singh,62,Ahmedabad,Clothing,20473.18,1,CREDIT CARD,21-01-2025,3.2,20473.18,1
100223,Anika Reddy,21,Kolkata,Electronics,17931.5,5,DEBIT CARD,25-01-2025,4.6,89657.5,1
100292,Navya Malhotra,18,Bengaluru,Stationery,11318.43,3,DEBIT CARD,12-01-2025,3.2,33955.29,1
100382,Ananya Kapoor,27,Unknown,Clothing,19998.05,4,DEBIT CARD,27-08-2025,1.5,79992.2,8
100236,Ishaan Nair,54,Hyderabad,Clothing,5621.55,5,COD,01-05-2025,3.2,28107.75,5
100114,Ananya Gupta,61,Chennai,Unknown,14089.31,3,DEBIT CARD,25-01-2025,1.5,42267.93,1
100245,Myra Nair,48,Hyderabad,Furniture,9510.88,5,UPI,06-03-2025,2.1,47554.4,3
100123,Kavya Kapoor,20,Unknown,Furniture,21876.79,3,UPI,18-10-2025,1.9,65630.37,10
100155,Aadhya Shah,57,Unknown,Electronics,5841.28,3,COD,06-06-2025,2.3,17523.84,6
100237,Navya Bhatt,62,Hyderabad,Clothing,12092.58,5,DEBIT CARD,19-10-2025,3.3,60462.9,10
100323,Ayaan Das,64,Chennai,Grocery,23792.37,5,UPI,22-12-2025,1.9,118961.85,12
100330,Aarav Kumar,42,Bengaluru,Grocery,24696.47,3,NET BANKING,05-07-2025,3.7,74089.41,7
100255,Saanvi Malhotra,61,Delhi,Electronics,927.86,5,NET BANKING,21-05-2025,3.2,4639.3,5
100112,Aditya Patel,40,Pune,Stationery,15510.49,4,CREDIT CARD,07-08-2025,3.7,62041.96,8
100082,Krishna Pillai,40,Chennai,Stationery,18900.39,1,DEBIT CARD,17-01-2025,3,18900.39,1
100053,Ishaan Kumar,64,Unknown,Stationery,24752.84,2,COD,27-10-2025,4.5,49505.68,10
100084,Diya Kapoor,58,Delhi,Stationery,21201.51,1,NET BANKING,07-12-2025,4.8,21201.51,12
100364,Aarav Gupta,39,Mumbai,Clothing,20714.32,5,UPI,22-05-2025,1,103571.6,5
100051,Anika Singh,38,Hyderabad,Unknown,4894.14,1,NET BANKING,03-02-2025,3.2,4894.14,2
100098,Diya Rao,35,Mumbai,Clothing,4280.45,1,UPI,14-01-2025,3.5,4280.45,1
100010,Ishaan Kapoor,19,Mumbai,Stationery,10715.12,2,COD,06-04-2025,1.1,21430.24,4
100394,Arjun Sharma,22,Hyderabad,Unknown,22054.05,4,UPI,08-03-2025,2.6,88216.2,3
100307,Reyansh Verma,48,Delhi,Electronics,18500.46,4,UPI,02-06-2025,2.3,74001.84,6
100074,Saanvi Mehta,52,Delhi,Grocery,16135.71,1,UPI,19-11-2025,4.8,16135.71,11
100310,Reyansh Reddy,24,Hyderabad,Unknown,14151.46,3,UPI,25-01-2025,2,42454.38,1
100204,Sai Malhotra,60,Pune,Stationery,21183.24,3,COD,13-11-2025,2.3,63549.72,11
100303,Ishaan Malhotra,35,Delhi,Electronics,15503.5,1,NET BANKING,11-12-2025,4.7,15503.5,12
100296,Reyansh Gupta,52,Delhi,Electronics,11387.15,3,NET BANKING,27-05-2025,1.4,34161.45,5
100023,Aditya Sharma,39,Mumbai,Clothing,22029.63,2,DEBIT CARD,13-09-2025,1.4,44059.26,9
100266,Ira Menon,55,Ahmedabad,Grocery,22709.29,3,UPI,22-03-2025,1.4,68127.87,3
100384,Saanvi Singh,34,Pune,Unknown,23212.88,1,UPI,25-08-2025,2.7,23212.88,8
100278,Aditya Gupta,46,Pune,Stationery,19774.01,3,UPI,02-12-2025,3.2,59322.03,12
100260,Saanvi Das,63,Delhi,Grocery,13329.31,3,UPI,12-05-2025,4.6,39987.93,5
100218,Myra Joshi,50,Unknown,Unknown,22166.55,2,UPI,02-12-2025,1.1,44333.1,12
100174,Aditya Bhatt,46,Mumbai,Unknown,13577,2,DEBIT CARD,18-05-2025,3.1,27154,5
100059,Aditya Shah,40,Delhi,Stationery,14832.21,1,COD,20-10-2025,4.3,14832.21,10
100050,Diya Gupta,63,Unknown,Clothing,24171.37,3,UPI,04-01-2025,2.2,72514.11,1
100038,Aditya Chopra,43,Chennai,Clothing,24556.88,4,UPI,17-02-2025,5,98227.52,2
100299,Arjun Reddy,64,Delhi,Clothing,13114.99,4,NET BANKING,04-06-2025,1.5,52459.96,6
100005,Krishna Iyer,59,Unknown,Furniture,1309.64,4,UPI,16-03-2025,2.5,5238.56,3
100159,Ayaan Patel,22,Ahmedabad,Electronics,21937.63,1,NET BANKING,22-06-2025,3.1,21937.63,6
100080,Riya Patel,53,Hyderabad,Unknown,4559.37,1,COD,24-03-2025,5,4559.37,3
100185,Ananya Patel,33,Pune,Stationery,10020.01,5,UNKNOWN,22-05-2025,2.6,50100.05,5
100134,Ira Joshi,64,Ahmedabad,Electronics,14667.36,2,COD,15-08-2025,3.3,29334.72,8
100271,Sai Joshi,51,Chennai,Stationery,1173.41,4,CREDIT CARD,17-08-2025,3.5,4693.64,8
100075,Anika Chopra,20,Unknown,Grocery,20537.61,2,NET BANKING,11-12-2025,2.1,41075.22,12
100047,Vivaan Sharma,44,Bengaluru,Grocery,19901.06,1,CREDIT CARD,15-01-2025,1.8,19901.06,1
100046,Saanvi Singh,39,Hyderabad,Clothing,6740.28,5,UPI,19-06-2025,3.2,33701.4,6
100070,Arjun Malhotra,47,Chennai,Stationery,16296.88,2,UNKNOWN,06-10-2025,3.2,32593.76,10
100371,Ananya Joshi,58,Bengaluru,Stationery,2688.42,1,UPI,09-01-2025,4.2,2688.42,1
100079,Krishna Chopra,28,Delhi,Electronics,21955.18,4,NET BANKING,25-05-2025,4.9,87820.72,5
100030,Aadhya Menon,54,Mumbai,Clothing,8725.02,1,COD,19-02-2025,3.1,8725.02,2
100233,Arjun Menon,58,Bengaluru,Stationery,9870.57,3,NET BANKING,03-09-2025,4.8,29611.71,9
100231,Saanvi Rao,35,Mumbai,Electronics,17446.11,3,UPI,06-03-2025,3.5,52338.33,3
100210,Ayaan Joshi,54,Unknown,Grocery,17353.07,1,COD,18-09-2025,3.2,17353.07,9
100115,Aadhya Kumar,40,Delhi,Electronics,10600.31,5,COD,21-02-2025,4.2,53001.55,2
100025,Arjun Singh,45,Bengaluru,Grocery,9004,1,UPI,09-01-2025,3.6,9004,1
100065,Ishaan Shah,18,Ahmedabad,Unknown,11142.45,1,COD,05-08-2025,3.6,11142.45,8
100280,Myra Shah,40,Hyderabad,Clothing,5630.94,1,COD,07-12-2025,1.7,5630.94,12
100358,Ira Pillai,22,Bengaluru,Clothing,19551.93,2,UPI,25-02-2025,2.9,39103.86,2
100154,Saanvi Pillai,32,Pune,Unknown,14500.53,1,UPI,01-07-2025,3.2,14500.53,7
100000,Myra Verma,62,Mumbai,Unknown,10153.37,1,UPI,22-06-2025,4.3,10153.37,6
100029,Aadhya Pillai,34,Chennai,Grocery,6779.51,2,COD,02-12-2025,1.2,13559.02,12
100068,Myra Chopra,45,Bengaluru,Grocery,1293.17,1,UNKNOWN,14-04-2025,1.7,1293.17,4
100367,Aditya Singh,62,Kolkata,Clothing,24400.46,2,CREDIT CARD,05-04-2025,2.5,48800.92,4
100077,Ayaan Menon,34,Mumbai,Clothing,16444.71,5,UPI,26-10-2025,3.2,82223.55,10
100240,Ishaan Reddy,40,Hyderabad,Clothing,8450.12,5,CREDIT CARD,25-05-2025,3.7,42250.6,5
100317,Kavya Kumar,32,Ahmedabad,Electronics,5049.28,5,COD,22-03-2025,1.4,25246.4,3
100238,Aditya Patel,57,Unknown,Furniture,16998.7,3,COD,13-01-2025,4.5,50996.1,1
100058,Vihaan Sharma,51,Ahmedabad,Electronics,2485.45,3,UNKNOWN,25-10-2025,3.2,7456.35,10
100042,Arjun Nair,57,Bengaluru,Unknown,15219.76,3,COD,16-09-2025,3.7,45659.28,9
100004,Krishna Reddy,39,Unknown,Electronics,325.6,1,NET BANKING,17-11-2025,3.4,325.6,11
100121,Myra Nair,60,Ahmedabad,Unknown,14554.3,3,COD,19-09-2025,2.8,43662.9,9
100191,Aadhya Iyer,27,Delhi,Furniture,14209.55,3,UPI,14-07-2025,3.2,42628.65,7
100254,Kavya Rao,64,Hyderabad,Electronics,17060.41,3,UPI,27-03-2025,4.8,51181.23,3
100272,Myra Rao,40,Mumbai,Stationery,22421.1,1,UNKNOWN,09-06-2025,1.2,22421.1,6
100270,Aditya Kumar,19,Ahmedabad,Electronics,24440.04,2,COD,14-10-2025,4.2,48880.08,10
100109,Aditya Kapoor,34,Chennai,Electronics,13428.5,5,DEBIT CARD,03-06-2025,3.2,67142.5,6
100118,Ayaan Iyer,55,Hyderabad,Unknown,11355.12,4,DEBIT CARD,23-10-2025,4.4,45420.48,10
100194,Krishna Nair,21,Mumbai,Unknown,3437.06,5,NET BANKING,13-02-2025,2.1,17185.3,2
100006,Saanvi Singh,20,Mumbai,Electronics,21519.52,5,UNKNOWN,07-09-2025,1.1,107597.6,9
100321,Arjun Reddy,27,Unknown,Electronics,20024.56,1,COD,10-10-2025,4.7,20024.56,10
100239,Ayaan Iyer,36,Chennai,Electronics,21723.8,4,NET BANKING,11-01-2025,4.5,86895.2,1
100373,Krishna Pillai,45,Mumbai,Clothing,15984.46,2,UPI,08-11-2025,2.8,31968.92,11
100214,Navya Iyer,40,Mumbai,Stationery,19914.24,4,UPI,03-07-2025,2.3,79656.96,7
100225,Diya Chopra,54,Bengaluru,Clothing,19690.67,3,UPI,06-07-2025,4.5,59072.01,7
100368,Navya Shah,28,Hyderabad,Furniture,11441.28,4,COD,23-05-2025,3,45765.12,5
100243,Ananya Singh,48,Mumbai,Electronics,177.83,2,UPI,14-12-2025,1,355.66,12
100325,Vivaan Nair,33,Hyderabad,Stationery,13982.43,3,NET BANKING,04-05-2025,3.2,41947.29,5
100369,Vihaan Bhatt,21,Mumbai,Stationery,21636.81,4,NET BANKING,18-08-2025,4.2,86547.24,8
100003,Saanvi Gupta,55,Mumbai,Electronics,169.35,4,UPI,21-01-2025,2.2,677.4,1
100122,Arjun Singh,33,Pune,Clothing,3924.78,4,CREDIT CARD,08-04-2025,2.4,15699.12,4
100078,Diya Das,51,Kolkata,Grocery,6628.26,4,COD,26-05-2025,2.4,26513.04,5
100355,Riya Rao,21,Delhi,Clothing,3508.88,4,UPI,13-12-2025,4.1,14035.52,12
100064,Myra Chopra,40,Kolkata,Electronics,24071.81,3,COD,12-05-2025,1.2,72215.43,5
100018,Vihaan Verma,40,Bengaluru,Clothing,16770.71,5,DEBIT CARD,12-03-2025,3.6,83853.55,3
100290,Ayaan Nair,18,Unknown,Electronics,19370.81,4,COD,13-07-2025,2.8,77483.24,7
100151,Diya Mehta,38,Mumbai,Furniture,4782.16,3,COD,27-10-2025,4.6,14346.48,10
100291,Myra Patel,28,Kolkata,Electronics,22110.19,2,COD,10-12-2025,4.3,44220.38,12
100043,Aarav Shah,40,Pune,Stationery,7205.44,2,COD,06-02-2025,2.8,14410.88,2
100180,Riya Iyer,56,Ahmedabad,Electronics,18868.17,2,COD,10-03-2025,3.6,37736.34,3
100333,  Ira Pillai  ,40,Unknown,Electronics,2123.57,5,CREDIT CARD,04-01-2025,1.8,10617.85,1
100163,Myra Malhotra,27,Hyderabad,Electronics,8661.73,2,CREDIT CARD,14-11-2025,1.6,17323.46,11
100279,Riya Shah,36,Mumbai,Clothing,5827.1,1,NET BANKING,27-03-2025,1.3,5827.1,3
100140,  Sai Rao  ,32,Pune,Electronics,20454.24,1,DEBIT CARD,24-06-2025,3.7,20454.24,6
100339,Saanvi Sharma,46,Delhi,Clothing,17296.62,1,NET BANKING,23-10-2025,1.4,17296.62,10
100395,Arjun Verma,59,Bengaluru,Unknown,16490.37,1,NET BANKING,05-10-2025,3.2,16490.37,10
100324,Riya Shah,26,Delhi,Stationery,16218.16,2,UPI,25-10-2025,3.2,32436.32,10
100332,Ananya Kumar,63,Hyderabad,Unknown,2737.12,2,UPI,06-10-2025,4.6,5474.24,10
100326,Kavya Reddy,36,Bengaluru,Furniture,21301.68,2,COD,25-02-2025,3.2,42603.36,2
100268,Reyansh Joshi,49,Bengaluru,Clothing,23539.75,1,COD,01-02-2025,1.4,23539.75,2
100168,Krishna Sharma,28,Hyderabad,Stationery,11353.36,5,UPI,21-10-2025,4.4,56766.8,10
100344,Ayaan Shah,33,Hyderabad,Electronics,12744.94,4,UPI,04-02-2025,2.2,50979.76,2
100045,Aarav Gupta,25,Ahmedabad,Grocery,21253.2,1,COD,12-01-2025,3,21253.2,1
100304,Anika Pillai,63,Mumbai,Unknown,22979.14,1,NET BANKING,19-05-2025,3.7,22979.14,5
100143,Krishna Das,29,Hyderabad,Clothing,3003.7,2,NET BANKING,14-06-2025,3.3,6007.4,6
100265,Saanvi Patel,48,Delhi,Electronics,18088.91,3,COD,13-09-2025,4.4,54266.73,9
100261,Riya Shah,20,Unknown,Unknown,4758.65,1,UPI,14-07-2025,1.5,4758.65,7
100041,Anika Malhotra,50,Mumbai,Stationery,16104.49,3,CREDIT CARD,17-08-2025,4.1,48313.47,8
100224,Krishna Mehta,32,Hyderabad,Clothing,10780.16,1,CREDIT CARD,25-08-2025,1.5,10780.16,8
100021,Reyansh Gupta,30,Chennai,Clothing,5162.72,1,COD,20-04-2025,4.6,5162.72,4
100108,Diya Gupta,52,Kolkata,Clothing,3476.23,5,NET BANKING,16-07-2025,4.5,17381.15,7
100177,Vihaan Verma,36,Hyderabad,Electronics,8832.27,5,UPI,17-08-2025,3.3,44161.35,8
100057,Ayaan Menon,63,Chennai,Grocery,19925.45,4,NET BANKING,19-07-2025,1.1,79701.8,7
100172,Kavya Reddy,44,Ahmedabad,Clothing,11387.62,3,UPI,27-12-2025,4.7,34162.86,12
100203,Aarav Mehta,22,Hyderabad,Electronics,12171.31,2,DEBIT CARD,04-04-2025,1.6,24342.62,4
100294,Diya Singh,61,Mumbai,Unknown,11242.26,4,CREDIT CARD,27-04-2025,2.1,44969.04,4
100319,  Vihaan Mehta  ,45,Chennai,Electronics,13548.16,2,CREDIT CARD,02-04-2025,2.6,27096.32,4
100388,Riya Joshi,38,Hyderabad,Electronics,24463.17,4,CREDIT CARD,06-11-2025,4,97852.68,11
100170,Arjun Malhotra,26,Mumbai,Electronics,5258.66,1,UNKNOWN,21-10-2025,2.3,5258.66,10
100162,Krishna Menon,53,Chennai,Unknown,13636.7,3,UPI,27-05-2025,4.3,40910.1,5
100149,Anika Chopra,29,Bengaluru,Clothing,9573.83,1,COD,06-08-2025,3.2,9573.83,8
100392,Ishaan Joshi,36,Delhi,Stationery,3916.5,4,UNKNOWN,15-09-2025,4,15666,9
100199,Arjun Mehta,34,Bengaluru,Stationery,10556.45,4,CREDIT CARD,26-02-2025,1.7,42225.8,2
100313,Diya Mehta,19,Unknown,Electronics,13577,5,UNKNOWN,26-09-2025,3.2,67885,9
100094,Riya Reddy,45,Mumbai,Electronics,14351.1,4,NET BANKING,09-08-2025,3.2,57404.4,8
100251,  Ira Verma  ,64,Delhi,Clothing,12292.78,3,COD,11-10-2025,1,36878.34,10
100374,Ananya Malhotra,32,Mumbai,Stationery,22251.36,5,NET BANKING,19-05-2025,3.9,111256.8,5
100221,Kavya Singh,33,Ahmedabad,Clothing,21860.88,1,UPI,09-10-2025,3.2,21860.88,10
100085,Aditya Rao,36,Delhi,Clothing,12401.69,5,UPI,05-03-2025,3.2,62008.45,3
100132,Aadhya Mehta,56,Kolkata,Electronics,8153.67,2,UNKNOWN,12-09-2025,4.6,16307.34,9
100187,Riya Joshi,36,Chennai,Clothing,14638.58,4,UPI,18-02-2025,4.6,58554.32,2
100361,Sai Kumar,21,Kolkata,Stationery,24917.92,1,UPI,05-07-2025,1.9,24917.92,7
100089,Myra Pillai,34,Bengaluru,Electronics,2662.9,5,COD,08-10-2025,2.6,13314.5,10
100011,Anika Sharma,35,Mumbai,Electronics,19412.05,2,NET BANKING,04-10-2025,3.4,38824.1,10
100034,Ananya Pillai,33,Chennai,Stationery,1163.26,4,UPI,27-04-2025,1.1,4653.04,4
100217,Arjun Iyer,32,Bengaluru,Electronics,20128.83,4,COD,22-09-2025,4,80515.32,9
100072,Aarav Patel,18,Mumbai,Unknown,13553.53,5,UNKNOWN,04-08-2025,4.8,67767.65,8
100385,Aditya Nair,42,Mumbai,Unknown,4217.54,3,COD,20-05-2025,3.7,12652.62,5
100247,Arjun Singh,21,Unknown,Clothing,4467.77,4,CREDIT CARD,18-04-2025,2.2,17871.08,4
100250,Aadhya Reddy,52,Chennai,Unknown,14920.74,4,CREDIT CARD,07-11-2025,4.3,59682.96,11
100314,  Myra Kumar  ,51,Bengaluru,Furniture,13236.6,4,COD,04-11-2025,4.1,52946.4,11
100139,Aditya Kumar,57,Bengaluru,Stationery,17469.49,2,DEBIT CARD,20-12-2025,3.2,34938.98,12
100284,Riya Sharma,19,Chennai,Electronics,15003.43,4,UPI,07-06-2025,2.1,60013.72,6
100393,Ananya Sharma,64,Bengaluru,Grocery,4147.08,2,DEBIT CARD,16-08-2025,2,8294.16,8
100111,Ira Kumar,31,Delhi,Unknown,5245.38,1,NET BANKING,19-04-2025,1.9,5245.38,4
100345,Aadhya Singh,62,Chennai,Electronics,9099.39,5,UPI,02-11-2025,3.2,45496.95,11
100012,Aditya Gupta,32,Hyderabad,Grocery,2349.04,4,DEBIT CARD,25-08-2025,4.4,9396.16,8
100220,Diya Bhatt,40,Chennai,Unknown,1890.24,4,CREDIT CARD,17-05-2025,2.9,7560.96,5
100087,Ira Bhatt,56,Delhi,Clothing,24898.89,2,NET BANKING,03-05-2025,3.2,49797.78,5
100198,Reyansh Shah,51,Mumbai,Stationery,15072.84,1,CREDIT CARD,21-07-2025,3.3,15072.84,7
100213,Aarav Pillai,32,Kolkata,Clothing,13577,1,NET BANKING,19-08-2025,4.9,13577,8
100370,Krishna Kumar,46,Ahmedabad,Electronics,9952.74,2,COD,21-10-2025,4.6,19905.48,10
100234,Saanvi Patel,29,Hyderabad,Furniture,1030.25,1,UNKNOWN,05-11-2025,1.3,1030.25,11
100354,Sai Shah,23,Bengaluru,Furniture,13577,5,DEBIT CARD,08-02-2025,3.2,67885,2
100164,Vivaan Iyer,30,Unknown,Electronics,3607.04,2,UNKNOWN,25-01-2025,1.1,7214.08,1
100175,Kavya Mehta,34,Delhi,Grocery,24032.6,1,DEBIT CARD,20-06-2025,4.4,24032.6,6
100349,Reyansh Iyer,52,Unknown,Grocery,16906.45,2,UPI,14-06-2025,1.6,33812.9,6
100327,Saanvi Mehta,27,Delhi,Electronics,11376.43,2,NET BANKING,01-05-2025,3.9,22752.86,5
100096,Riya Bhatt,55,Mumbai,Stationery,10992.95,2,CREDIT CARD,12-05-2025,1.2,21985.9,5
100263,Arjun Reddy,39,Mumbai,Electronics,14611.99,5,CREDIT CARD,02-08-2025,3.2,73059.95,8
100063,Reyansh Patel,47,Unknown,Stationery,1170.53,3,NET BANKING,26-07-2025,2,3511.59,7
100222,Sai Nair,37,Bengaluru,Stationery,18478.92,1,NET BANKING,03-08-2025,2.1,18478.92,8
100095,Myra Mehta,20,Chennai,Unknown,14646.71,1,DEBIT CARD,17-09-2025,4.5,14646.71,9
100013,Sai Bhatt,62,Chennai,Stationery,6893.02,5,UPI,24-10-2025,4.9,34465.1,10
100017,Vihaan Menon,45,Delhi,Clothing,21598.12,4,CREDIT CARD,01-02-2025,1.3,86392.48,2
100301,Arjun Nair,38,Delhi,Clothing,2483.43,5,UPI,05-06-2025,4.9,12417.15,6
100246,Aarav Kumar,24,Unknown,Stationery,13600.47,2,COD,15-05-2025,3.2,27200.94,5
100207,Myra Shah,54,Unknown,Clothing,208.13,3,UPI,06-02-2025,1.4,624.39,2
100090,Navya Das,44,Mumbai,Unknown,17700.12,5,UPI,05-06-2025,4.9,88500.6,6
100273,Ayaan Gupta,49,Hyderabad,Clothing,7576.07,4,NET BANKING,08-08-2025,3.9,30304.28,8
100039,Anika Chopra,29,Unknown,Clothing,14023.59,3,UPI,23-09-2025,2.1,42070.77,9
100086,Navya Reddy,38,Delhi,Stationery,18846.51,1,UPI,07-05-2025,3,18846.51,5
100181,Ayaan Mehta,50,Chennai,Furniture,780.85,4,UNKNOWN,18-07-2025,3.6,3123.4,7
100145,Vivaan Shah,27,Mumbai,Clothing,13782.79,2,NET BANKING,12-02-2025,2.3,27565.58,2
100158,Reyansh Chopra,54,Pune,Stationery,19497.51,1,COD,04-06-2025,3.9,19497.51,6
100342,Riya Verma,37,Bengaluru,Unknown,23185.97,4,CREDIT CARD,01-09-2025,3.7,92743.88,9
100000,Reyansh Verma,58,Chennai,Unknown,2798.84,3,CREDIT CARD,02-02-2025,3.4,8396.52,2
100306,Arjun Gupta,26,Chennai,Clothing,21681,1,UNKNOWN,16-09-2025,3.2,21681,9
100071,Sai Pillai,51,Unknown,Clothing,6633.21,2,COD,26-03-2025,3,13266.42,3
100320,Anika Rao,40,Chennai,Electronics,10426.7,1,UNKNOWN,07-11-2025,3.7,10426.7,11
100351,Anika Singh,44,Bengaluru,Grocery,17419.53,2,CREDIT CARD,14-04-2025,3.3,34839.06,4
100302,Navya Pillai,64,Delhi,Clothing,17361.75,3,CREDIT CARD,10-11-2025,3.2,52085.25,11
100329,Aditya Iyer,32,Mumbai,Clothing,13577,3,NET BANKING,09-10-2025,2.6,40731,10
100391,  Saanvi Mehta  ,61,Delhi,Furniture,18360.12,3,NET BANKING,05-01-2025,3,55080.36,1
100133,Aditya Joshi,37,Unknown,Grocery,11928.15,2,CREDIT CARD,03-09-2025,3,23856.3,9
100060,Kavya Patel,60,Hyderabad,Electronics,3307.45,1,COD,05-08-2025,3.2,3307.45,8
100340,Diya Sharma,33,Mumbai,Electronics,13577,4,CREDIT CARD,08-04-2025,2.9,54308,4
100100,Sai Rao,33,Mumbai,Electronics,22273.06,4,NET BANKING,24-12-2025,2.3,89092.24,12
100019,Saanvi Verma,40,Kolkata,Stationery,14096.9,3,NET BANKING,03-05-2025,4,42290.7,5
100390,Aarav Joshi,38,Hyderabad,Electronics,18190.6,3,COD,18-03-2025,1.6,54571.8,3
100264,Reyansh Joshi,30,Delhi,Electronics,3867.08,5,UPI,18-02-2025,2.9,19335.4,2
100276,Ayaan Gupta,31,Bengaluru,Grocery,2178.51,4,DEBIT CARD,23-12-2025,1.6,8714.04,12
100008,Vihaan Rao,19,Kolkata,Clothing,17153.19,4,UNKNOWN,07-12-2025,3,68612.76,12
100283,Aadhya Malhotra,49,Unknown,Electronics,14763.25,2,NET BANKING,21-02-2025,2.9,29526.5,2
100032,Navya Kumar,34,Hyderabad,Grocery,18246.18,5,UPI,20-02-2025,3.5,91230.9,2
100135,Vivaan Gupta,61,Bengaluru,Grocery,3320.37,1,UNKNOWN,05-06-2025,4.6,3320.37,6
100022,Riya Shah,40,Chennai,Electronics,15169.77,3,NET BANKING,07-04-2025,2.2,45509.31,4
100062,Kavya Gupta,52,Hyderabad,Furniture,15990.13,4,DEBIT CARD,16-02-2025,3.2,63960.52,2
100215,Diya Das,59,Unknown,Stationery,16166.98,3,DEBIT CARD,12-12-2025,2.9,48500.94,12
100396,Krishna Mehta,56,Chennai,Electronics,15432.21,2,CREDIT CARD,09-09-2025,3.2,30864.42,9
100356,Ira Malhotra,49,Unknown,Clothing,14918.13,4,DEBIT CARD,18-12-2025,4.4,59672.52,12
100257,Anika Menon,55,Hyderabad,Electronics,5864.37,5,UPI,01-03-2025,3.6,29321.85,3
100052,Aditya Singh,48,Ahmedabad,Clothing,21128.7,3,UPI,08-08-2025,1.8,63386.1,8
100347,Aarav Shah,23,Chennai,Electronics,22996.89,3,UNKNOWN,15-06-2025,3.3,68990.67,6
100173,Riya Verma,41,Hyderabad,Electronics,14504.15,4,COD,06-05-2025,4.7,58016.6,5
100035,Sai Joshi,20,Chennai,Grocery,20266.1,4,UPI,07-04-2025,4.8,81064.4,4
100178,Vivaan Menon,18,Chennai,Furniture,19421.86,2,DEBIT CARD,02-06-2025,2.8,38843.72,6
100167,Reyansh Pillai,26,Unknown,Clothing,10689.65,5,CREDIT CARD,14-08-2025,4.4,53448.25,8
100226,Aadhya Nair,63,Hyderabad,Electronics,15079.84,5,UNKNOWN,02-09-2025,4,75399.2,9
100120,Ira Iyer,40,Pune,Furniture,11559.52,2,UNKNOWN,05-06-2025,2.4,23119.04,6
100275,Vihaan Gupta,21,Kolkata,Furniture,14997.28,2,COD,09-03-2025,1.7,29994.56,3
100044,Myra Sharma,58,Hyderabad,Clothing,4521.74,4,DEBIT CARD,01-05-2025,1.7,18086.96,5
100300,Ananya Joshi,62,Pune,Unknown,3717.03,2,COD,10-12-2025,3.7,7434.06,12
100076,Aditya Kumar,29,Kolkata,Electronics,2654.33,2,UNKNOWN,19-02-2025,3.7,5308.66,2
100212,Anika Iyer,34,Kolkata,Unknown,4637.3,5,DEBIT CARD,22-10-2025,2.3,23186.5,10
100267,Aditya Kumar,34,Chennai,Clothing,2704.39,4,UPI,20-01-2025,3.2,10817.56,1
100311,Arjun Malhotra,52,Kolkata,Unknown,13577,2,UPI,11-03-2025,1.7,27154,3
100216,Reyansh Das,20,Kolkata,Grocery,17452.78,2,UNKNOWN,23-07-2025,1.3,34905.56,7
100366,Anika Patel,27,Bengaluru,Furniture,17072.22,5,UPI,05-01-2025,4.3,85361.1,1
100009,Aarav Reddy,64,Hyderabad,Electronics,4458.11,1,UNKNOWN,04-02-2025,3.7,4458.11,2
100372,  Ananya Das  ,46,Delhi,Furniture,7092.29,2,COD,26-12-2025,4.1,14184.58,12
100357,Kavya Pillai,49,Kolkata,Grocery,5518.55,2,COD,23-03-2025,2.5,11037.1,3
100285,Anika Mehta,29,Bengaluru,Furniture,9688.6,2,DEBIT CARD,05-08-2025,3.9,19377.2,8
100295,Saanvi Kapoor,40,Unknown,Grocery,3205.82,5,COD,20-10-2025,1.2,16029.1,10
100104,Myra Pillai,35,Hyderabad,Clothing,10503.48,5,UNKNOWN,15-09-2025,2.7,52517.4,9
100312,  Riya Shah  ,31,Unknown,Electronics,15544.34,1,CREDIT CARD,05-03-2025,4.5,15544.34,3
100091,  Arjun Shah  ,62,Bengaluru,Furniture,9360.46,4,COD,17-07-2025,4.9,37441.84,7
100182,Navya Kapoor,18,Chennai,Electronics,13860.31,3,UPI,24-07-2025,3.7,41580.93,7
100315,Kavya Gupta,23,Mumbai,Unknown,18709.86,3,COD,27-11-2025,1.1,56129.58,11
100383,Aadhya Pillai,30,Mumbai,Clothing,14623.2,4,UPI,02-11-2025,1.2,58492.8,11
100232,Aadhya Pillai,64,Mumbai,Clothing,1016.4,4,COD,14-05-2025,1.4,4065.6,5
100036,Riya Pillai,57,Ahmedabad,Furniture,9760.37,2,DEBIT CARD,08-01-2025,3.7,19520.74,1
100156,Ira Mehta,25,Bengaluru,Clothing,17388.88,4,COD,15-01-2025,3.1,69555.52,1
100002,Arjun Nair,41,Mumbai,Clothing,16324.58,5,NET BANKING,02-08-2025,4.3,81622.9,8
100242,Aarav Menon,48,Unknown,Grocery,20671.55,2,UPI,05-11-2025,4,41343.1,11
100308,Reyansh Kumar,55,Mumbai,Stationery,11038.58,2,UPI,18-09-2025,2.3,22077.16,9
100289,Diya Bhatt,34,Hyderabad,Clothing,9868.38,1,NET BANKING,02-03-2025,3.6,9868.38,3
100048,Diya Iyer,36,Chennai,Clothing,14364.3,1,NET BANKING,17-12-2025,4.8,14364.3,12
100141,Myra Kapoor,19,Mumbai,Clothing,13985.56,2,CREDIT CARD,19-12-2025,1.8,27971.12,12
100000,Anika Reddy,21,Kolkata,Electronics,17931.5,5,DEBIT CARD,25-01-2025,4.6,89657.5,1
100352,Anika Mehta,27,Ahmedabad,Unknown,20588.64,3,DEBIT CARD,22-01-2025,3.2,61765.92,1
100183,Vivaan Singh,25,Bengaluru,Clothing,2737.1,5,COD,03-03-2025,3.6,13685.5,3
100331,Aditya Kumar,59,Bengaluru,Clothing,10790.76,1,COD,17-11-2025,5,10790.76,11
100160,Saanvi Mehta,64,Hyderabad,Grocery,21184.34,4,CREDIT CARD,24-08-2025,1.6,84737.36,8
100336,Aadhya Gupta,25,Ahmedabad,Electronics,13577,4,DEBIT CARD,26-03-2025,1.8,54308,3
100219,Navya Patel,59,Chennai,Unknown,24759.98,3,CREDIT CARD,23-02-2025,4.8,74279.94,2
100099,Navya Bhatt,20,Pune,Clothing,22543.78,1,NET BANKING,11-12-2025,4.8,22543.78,12
100117,Ayaan Bhatt,35,Unknown,Grocery,9897.26,3,CREDIT CARD,19-02-2025,3.2,29691.78,2
100341,Diya Nair,47,Bengaluru,Grocery,5980.86,4,NET BANKING,19-08-2025,1.1,23923.44,8
100001,Krishna Kapoor,36,Chennai,Clothing,2634.38,3,UPI,24-05-2025,3.4,7903.14,5
100113,Vivaan Chopra,51,Chennai,Electronics,11983.84,3,UPI,27-02-2025,4.4,35951.52,2
100386,Aditya Mehta,63,Hyderabad,Unknown,465.97,5,DEBIT CARD,03-10-2025,4.3,2329.85,10
100253,Krishna Rao,58,Delhi,Clothing,4216.05,5,CREDIT CARD,11-04-2025,4.4,21080.25,4
100184,  Ayaan Sharma  ,64,Chennai,Clothing,18062.21,3,COD,24-08-2025,4.2,54186.63,8
100165,Ayaan Verma,60,Mumbai,Electronics,23313.14,4,UNKNOWN,16-04-2025,4.2,93252.56,4
100274,Diya Mehta,37,Hyderabad,Unknown,8585.34,3,NET BANKING,07-11-2025,4.6,25756.02,11
100192,Saanvi Chopra,34,Chennai,Stationery,12196.74,1,UPI,14-09-2025,3.2,12196.74,9
100000,Vihaan Sharma,56,Delhi,Clothing,19944.09,3,CREDIT CARD,05-08-2025,3.2,59832.27,8
100054,Navya Menon,34,Ahmedabad,Unknown,21239.44,1,COD,06-11-2025,2.4,21239.44,11
100375,Vivaan Kapoor,18,Bengaluru,Electronics,11165.34,5,DEBIT CARD,09-08-2025,4,55826.7,8
100028,Arjun Joshi,29,Unknown,Electronics,6406.79,2,COD,03-01-2025,1.6,12813.58,1
100206,Aditya Joshi,42,Hyderabad,Furniture,17667.4,2,COD,25-07-2025,1.3,35334.8,7
100049,Riya Mehta,46,Mumbai,Furniture,7097.07,3,CREDIT CARD,09-05-2025,4.7,21291.21,5
100350,Aditya Singh,40,Chennai,Electronics,7721.28,1,UPI,15-05-2025,1.1,7721.28,5
100020,Navya Malhotra,43,Bengaluru,Electronics,6014.23,3,UNKNOWN,10-09-2025,1.1,18042.69,9
100293,Ishaan Bhatt,37,Delhi,Electronics,9577.06,3,COD,05-05-2025,3.1,28731.18,5
100176,Krishna Sharma,57,Ahmedabad,Clothing,12629.55,1,COD,13-07-2025,2.7,12629.55,7
100335,Reyansh Bhatt,19,Chennai,Furniture,16789.63,4,CREDIT CARD,27-05-2025,2.1,67158.52,5
100379,Arjun Malhotra,47,Ahmedabad,Grocery,20788.78,2,UPI,12-06-2025,4.6,41577.56,6
100033,Ananya Joshi,28,Kolkata,Furniture,20438.33,1,UPI,12-09-2025,3.2,20438.33,9
100171,Ira Gupta,42,Pune,Clothing,21608.43,2,COD,02-07-2025,2.9,43216.86,7
100007,Navya Bhatt,42,Unknown,Clothing,24145.96,2,DEBIT CARD,26-09-2025,3.2,48291.92,9
100318,Ayaan Bhatt,21,Bengaluru,Grocery,6530.9,4,COD,14-11-2025,4.7,26123.6,11
100097,Navya Nair,38,Kolkata,Electronics,24825.18,5,CREDIT CARD,04-03-2025,3.8,124125.9,3
100110,Reyansh Pillai,54,Mumbai,Grocery,18194.1,2,UNKNOWN,03-10-2025,2,36388.2,10
100360,Krishna Gupta,38,Kolkata,Stationery,3166.42,3,UPI,07-12-2025,3.5,9499.26,12
100069,Krishna Iyer,40,Kolkata,Clothing,2581.18,5,CREDIT CARD,04-07-2025,1.7,12905.9,7
100346,Ira Gupta,18,Delhi,Furniture,7742.28,4,CREDIT CARD,23-10-2025,3.4,30969.12,10
100129,  Aditya Das  ,43,Mumbai,Electronics,19034.89,2,UPI,13-10-2025,1.1,38069.78,10
100316,Aditya Pillai,40,Unknown,Furniture,10856.92,5,UPI,15-09-2025,3.6,54284.6,9
100258,Riya Kapoor,29,Bengaluru,Electronics,14134.34,3,NET BANKING,16-11-2025,4.9,42403.02,11
100322,Ayaan Chopra,37,Mumbai,Stationery,12166.11,1,UPI,08-12-2025,3.1,12166.11,12
100150,Ayaan Malhotra,46,Delhi,Unknown,3623.34,3,CREDIT CARD,12-05-2025,1.7,10870.02,5
100337,Krishna Singh,19,Kolkata,Clothing,24854.36,2,CREDIT CARD,06-01-2025,5,49708.72,1
100026,Anika Malhotra,30,Bengaluru,Clothing,21539.15,3,UPI,09-05-2025,3.2,64617.45,5
100093,Krishna Shah,44,Bengaluru,Grocery,6330.8,3,CREDIT CARD,03-07-2025,2,18992.4,7
100148,Ayaan Mehta,61,Unknown,Grocery,10301.68,5,UPI,24-11-2025,4.8,51508.4,11
100119,Anika Bhatt,22,Bengaluru,Electronics,19942.32,2,COD,24-01-2025,3,39884.64,1
100138,Kavya Nair,21,Unknown,Unknown,21292.82,1,CREDIT CARD,23-03-2025,3.1,21292.82,3
100169,Vivaan Reddy,40,Delhi,Stationery,23032.92,3,NET BANKING,08-05-2025,2.5,69098.76,5
100363,Arjun Reddy,54,Chennai,Grocery,22182.11,5,UPI,03-07-2025,3.1,110910.55,7
100202,Reyansh Joshi,57,Hyderabad,Clothing,14225.16,2,UNKNOWN,23-08-2025,3.2,28450.32,8
100147,Diya Mehta,32,Bengaluru,Clothing,11868.67,3,NET BANKING,17-05-2025,3.2,35606.01,5
100277,Arjun Verma,62,Kolkata,Furniture,15451.19,3,NET BANKING,23-04-2025,4,46353.57,4
100256,  Ira Pillai  ,23,Kolkata,Unknown,19038.34,5,DEBIT CARD,11-03-2025,2.6,95191.7,3
100131,Saanvi Bhatt,40,Delhi,Furniture,13385.54,1,UPI,23-05-2025,1.7,13385.54,5
100249,Ananya Chopra,43,Chennai,Grocery,2006.16,2,DEBIT CARD,18-12-2025,4,4012.32,12
100152,Ira Pillai,42,Kolkata,Electronics,21948.43,1,UPI,18-08-2025,2.8,21948.43,8
100362,Sai Joshi,46,Delhi,Electronics,15653.81,4,NET BANKING,06-07-2025,3.9,62615.24,7
